{
    "COMP": 0.8633355050869653,
    "ACC": 0.9577175232177343,
    "CRED": -1,
    "CONS": 1.0,
    "CURR": -1,
    "UNI": 0.4049256371714426
}