{
    "COMP": 0.8633355050869653,
    "ACC": 0.9577175232177343,
    "CRED": NaN,
    "CONS": 1.0,
    "CURR": NaN,
    "UNI": 0.6691382824731913
}