{
    "COMP": 0.902537180499773,
    "ACC": 0.8048850179953096,
    "CRED": 1.0,
    "CONS": 0.9091531064341412,
    "CURR": -1,
    "UNI": 0.9957435264631178
}