{
    "COMP": 0.12856840371720976,
    "ACC": 0.8351141431779168,
    "CRED": 1.0,
    "CONS": 0.9074888599753596,
    "CURR": NaN,
    "UNI": 0.9984615384615384
}