{
    "COMP": 0.046511627906976744,
    "ACC": 0.9122829903575428,
    "CRED": NaN,
    "CONS": NaN,
    "CURR": 0.8568135718237138,
    "UNI": 1.0
}