{
    "COMP": 0.994020897847493,
    "ACC": 0.9561414951787715,
    "CRED": NaN,
    "CONS": NaN,
    "CURR": 0.8568135718237138,
    "UNI": 0.0
}