{
    "COMP": 0.994020897847493,
    "ACC": NaN,
    "CRED": -1,
    "CONS": -1,
    "CURR": 0.8568135718237138,
    "UNI": 0.0
}