{
    "COMP": 0.046511627906976744,
    "ACC": NaN,
    "CRED": -1,
    "CONS": -1,
    "CURR": 0.8568135718237138,
    "UNI": 1.0
}