{
    "COMP": 0.9506521739130435,
    "ACC": 0.9880673966195386,
    "CRED": -1,
    "CONS": -1,
    "CURR": -1,
    "UNI": 1.0
}