{
    "COMP": 0.9506521739130435,
    "ACC": 0.9880673966195386,
    "CRED": NaN,
    "CONS": NaN,
    "CURR": NaN,
    "UNI": 1.0
}