{
    "COMP": 0.18891304347826088,
    "ACC": 0.9902200488997555,
    "CRED": NaN,
    "CONS": NaN,
    "CURR": NaN,
    "UNI": 1.0
}