{
    "COMP": 0.48891304347826087,
    "ACC": 0.010763261401084297,
    "CRED": NaN,
    "CONS": NaN,
    "CURR": NaN,
    "UNI": 1.0
}