{
    "COMP": 0.48891304347826087,
    "ACC": 0.010763261401084297,
    "CRED": -1,
    "CONS": -1,
    "CURR": -1,
    "UNI": 1.0
}