{
    "supression": 0.7279069035634521,
    "randomization": 0.6214611020367345,
    "generalization": 0.7321101370045668,
    "pseudoanonymization": 0.9702040245785971
}