{
    "supression": 0.10857481471604609,
    "randomization": 0.7582914874940275,
    "generalization": 0.5507035590075224,
    "pseudoanonymization": 0.896197046568219
}