{
    "confusion_matrix": [
        [
            2745,
            690
        ],
        [
            570,
            1995
        ]
    ],
    "accuracy_score": 0.79,
    "adjusted_rand_score": 0.3361389757158678,
    "precision": [
        0.8280542986425339,
        0.7430167597765364
    ],
    "recall": [
        0.7991266375545851,
        0.7777777777777778
    ],
    "fscore": [
        0.8133333333333332,
        0.76
    ],
    "support": [
        3435,
        2565
    ]
}