{
    "confusion_matrix": [
        [
            2754,
            681
        ],
        [
            581,
            1984
        ]
    ],
    "accuracy_score": 0.7896666666666666,
    "adjusted_rand_score": 0.33534574642708104,
    "precision": [
        0.8257871064467767,
        0.7444652908067543
    ],
    "recall": [
        0.8017467248908297,
        0.7734892787524367
    ],
    "fscore": [
        0.813589364844904,
        0.7586998087954111
    ],
    "support": [
        3435,
        2565
    ]
}