{
    "confusion_matrix": [
        [
            2720,
            715
        ],
        [
            634,
            1931
        ]
    ],
    "accuracy_score": 0.7751666666666667,
    "adjusted_rand_score": 0.3025503661197678,
    "precision": [
        0.8109719737626714,
        0.7297808012093726
    ],
    "recall": [
        0.7918486171761281,
        0.7528265107212475
    ],
    "fscore": [
        0.8012962144645749,
        0.7411245442333524
    ],
    "support": [
        3435,
        2565
    ]
}