{
    "confusion_matrix": [
        [
            4654,
            64
        ],
        [
            689,
            593
        ]
    ],
    "accuracy_score": 0.8745,
    "adjusted_rand_score": 0.45119730068529806,
    "precision": [
        0.8710462287104623,
        0.9025875190258752
    ],
    "recall": [
        0.9864349300551081,
        0.4625585023400936
    ],
    "fscore": [
        0.9251565450750422,
        0.6116554925219185
    ],
    "support": [
        4718,
        1282
    ]
}