{
    "confusion_matrix": [
        [
            4646,
            72
        ],
        [
            665,
            617
        ]
    ],
    "accuracy_score": 0.8771666666666667,
    "adjusted_rand_score": 0.4648497650680232,
    "precision": [
        0.8747881754848428,
        0.895500725689405
    ],
    "recall": [
        0.9847392963119966,
        0.48127925117004683
    ],
    "fscore": [
        0.9265131119752718,
        0.6260781329274481
    ],
    "support": [
        4718,
        1282
    ]
}