{
    "confusion_matrix": [
        [
            4698,
            20
        ],
        [
            1272,
            10
        ]
    ],
    "accuracy_score": 0.7846666666666666,
    "adjusted_rand_score": 0.004004338888728717,
    "precision": [
        0.7869346733668342,
        0.3333333333333333
    ],
    "recall": [
        0.9957609156422212,
        0.0078003120124804995
    ],
    "fscore": [
        0.8791167664670659,
        0.015243902439024392
    ],
    "support": [
        4718,
        1282
    ]
}