{
    "confusion_matrix": [
        [
            4718,
            0
        ],
        [
            817,
            465
        ]
    ],
    "accuracy_score": 0.8638333333333333,
    "adjusted_rand_score": 0.3856126579429705,
    "precision": [
        0.8523938572719061,
        1.0
    ],
    "recall": [
        1.0,
        0.3627145085803432
    ],
    "fscore": [
        0.9203160050716863,
        0.5323411562678878
    ],
    "support": [
        4718,
        1282
    ]
}