{
    "confusion_matrix": [
        [
            4718,
            0
        ],
        [
            1282,
            0
        ]
    ],
    "accuracy_score": 0.7863333333333333,
    "adjusted_rand_score": 0.0,
    "precision": [
        0.7863333333333333,
        0.0
    ],
    "recall": [
        1.0,
        0.0
    ],
    "fscore": [
        0.8803881321142004,
        0.0
    ],
    "support": [
        4718,
        1282
    ]
}