{
    "COMP": 0.5554077501955341,
    "ACC": 0.6236794846514889,
    "CRED": 0.9885408987066415,
    "CONS": 0.8874966671195336,
    "CURR": 0.92375623637991,
    "UNI": -1
}