{
    "COMP": 0.07834091478740891,
    "ACC": 1.0,
    "CRED": NaN,
    "CONS": 0.9999877809025843,
    "CURR": NaN,
    "UNI": NaN
}