{
    "COMP": 0.5404389249199493,
    "ACC": 0.6236794846514889,
    "CRED": 0.9885408987066415,
    "CONS": 0.9969357880432219,
    "CURR": 0.92375623637991,
    "UNI": -1
}